league,team,venue,city,state,vendor,stand_name,section,item_name,description,price,category,source_url,season
NBA,Atlanta Hawks,State Farm Arena,Atlanta,GA,Topped Cart,,Gate 6,The Lemon Pepper Loaded Footlong,"You can't talk about Atlanta without lemon pepper. This features a jumbo footlong hot dog, deep-fried and heavily tossed in a zesty, buttery lemon pepper seasoning.",,Headline Item,,2026
NBA,Atlanta Hawks,State Farm Arena,Atlanta,GA,Jerk Chicken Sandwich,,Sections 118 & 211,Jerk Chicken Sandwich,"A massive nod to Atlanta's Caribbean community. It features a 24-hour jerk-marinated chicken thigh from Springer Mountain Farms, topped with sweet mango slaw, fried plantains, and cilantro aioli on a challah bun.",,Headline Item,,2026
NBA,Atlanta Hawks,State Farm Arena,Atlanta,GA,The BBQ Smashburger,,Section 107,The BBQ Smashburger,"Chef Garvin's signature item. A razor-thin, caramelized smash patty topped with crispy onion rings, pepper jack cheese, and a sweet-and-tangy Southern BBQ sauce on a Vidalia onion bun.",,Headline Item,,2026
NBA,Atlanta Hawks,State Farm Arena,Atlanta,GA,Peach Hand Pie,,Various Sweet Stands,Peach Hand Pie,"A nostalgic, flaky pastry dough pocket stuffed with sweet Georgia peach filling, dusted with cinnamon sugar and caramel.",,Drinks/Social,,2026
NBA,Atlanta Hawks,State Farm Arena,Atlanta,GA,J.R. Crickets,,Gate 5,J.R. Crickets,The award-winning Atlanta institution famous for its wings (famously highlighted in Donald Glover's Atlanta show) serves up its signature buffalo and lemon pepper baskets right by the entrance.,,Local Partner,,2026
NBA,Atlanta Hawks,State Farm Arena,Atlanta,GA,Dolo’s Pizza,,Gate 5,Dolo’s Pizza,"A black-owned local favorite serving up delicious, non-traditional New York-style slices with high-quality ingredients.",,Local Partner,,2026
NBA,Atlanta Hawks,State Farm Arena,Atlanta,GA,Handspun Milkshakes,,Section 108 & 214,Handspun Milkshakes,"Thick, real-milk shakes featuring a rotating seasonal menu, with the Georgia Peach and Cookies & Cream driving the longest lines.",,Drinks/Social,,2026
NBA,Atlanta Hawks,State Farm Arena,Atlanta,GA,The Hawk Bar,,Delta SKY360° Club,The Hawk Bar,The first-ever bar built literally on the hardwood in the NBA. Floor-seat ticket holders can stand mere feet from the sideline while bartenders mix high-end speakeasy-style cocktails.,,Drinks/Social,,2026
NBA,Atlanta Hawks,State Farm Arena,Atlanta,GA,The Hawk Bar,,Delta SKY360° Club,The Guest Chef Program,"Curated by Chef Garvin, this initiative rotates nearly 20 local minority- and women-owned neighborhood restaurants (like Breakfast at Barney's and Cubanos) through the premium clubs and the main concourse to showcase…",,Drinks/Social,,2026
NBA,Atlanta Hawks,State Farm Arena,Atlanta,GA,The Black Bean Burger,,"Sections 118, 211, 221",The Black Bean Burger,"Swapping out processed faux meats for a classic house-made recipe, this features a spicy black bean, pepper, and onion patty topped with fresh cilantro aioli.",,Dietary/Value,,2026
NBA,Atlanta Hawks,State Farm Arena,Atlanta,GA,Mediterranean Vegan Falafel,,"Sections 107, 114, 227",Mediterranean Vegan Falafel,"Golden-brown fried falafel served on warm pita bread with cucumbers, tomatoes, red onions, and a cool vegan tzatziki.",,Dietary/Value,,2026
NBA,Boston Celtics,TD Garden,Boston,MA,"The ""Battle of the Beef""",,Various Sections,"The ""Battle of the Beef""","An epic tribute to Massachusetts roast beef culture. It’s a massive three-compartment vessel holding three distinct styles: the North Shore 3-Way (mayo, James River BBQ sauce, and cheese), the Salem Spicy (horseradish…",,Headline Item,,2026
NBA,Boston Celtics,TD Garden,Boston,MA,Big Bad Burger,,Balcony Section 311,North Station Stack,"Peak Boston. A savory double cheeseburger topped with bacon, slapped right between two Dunkin’ original glazed donuts instead of a bun.",,Headline Item,,2026
NBA,Boston Celtics,TD Garden,Boston,MA,Big Bad Burger,,Loge 8,The Fluffernutter Burger,"A wild nod to a New England childhood classic. A double beef patty layered with creamy marshmallow Fluff, peanut butter, and crispy bacon.",,Headline Item,,2026
NBA,Boston Celtics,TD Garden,Boston,MA,The New England Footlong,,Hub Hot Dog Locations,The New England Footlong,"A jumbo all-beef frank smothered in Samuel Adams beer cheese, sweet mustard, and a heavy crunch of crushed Cape Cod Kettle Chips.",,Headline Item,,2026
NBA,Boston Celtics,TD Garden,Boston,MA,Frito-Lay Test Kitchen,,Level 4,Flaming Hot Korean Corn Dog,"A hot dog dipped in a thick Korean-style batter, brushed with queso, and completely encrusted in crushed Flamin' Hot Cheetos.",,Headline Item,,2026
NBA,Boston Celtics,TD Garden,Boston,MA,Frito-Lay Test Kitchen,,Level 4,Cool Ranch Cheese Bites,"Creamy Boursin and mozzarella cheeses rolled in pasta, coated in crushed Cool Ranch Doritos, and deep-fried into a crispy, molten snack.",,Headline Item,,2026
NBA,Boston Celtics,TD Garden,Boston,MA,"Butter ""UR' Biscuit",,Level 4 JetBlue Runway Concourse,"Butter ""UR' Biscuit","The wildly popular local Latin Soul food truck officially graduated to a permanent storefront inside the arena. Fans flock here for their signature Empanadas, Chicken and Waffles, and scratch-made biscuits.",,Local Partner,,2026
NBA,Boston Celtics,TD Garden,Boston,MA,Sal’s Pizza,,Multiple Sections,Sal’s Pizza,"A local slice institution delivering massive, fast-moving New York-style slices (Cheese, Pepperoni, and Veggie Supreme).",,Local Partner,,2026
NBA,Boston Celtics,TD Garden,Boston,MA,Back Bay BBQ,,Levels 4 & 7,Back Bay BBQ,"Beyond the brisket, the sleeper hit here is the warm Jalapeño Cheddar Corn Muffins served with sweet honey butter.",,Local Partner,,2026
NBA,Boston Celtics,TD Garden,Boston,MA,Garden Grill,,"Level 4, Loge 8",The New Allergen-Friendly Stand,"A huge win for inclusive dining. This dedicated station is completely stocked with Gluten-Free Chicken Tenders & Wraps, Beyond Meat Burgers & Sausages, crispy cauliflower, sweet potato fries, and fresh kale salads.",,Dietary/Value,,2026
NBA,Brooklyn Nets,Barclays Center,Brooklyn,NY,Double Stack Smashburger,,7th Street Burger,Double Stack Smashburger,"NYC's legendary smashburger phenom has a permanent outpost inside the arena. Expect lacy-edged, ultra-crispy patties layered with melted American cheese, pickles, and their signature house sauce.",,Headline Item,,2026
NBA,Brooklyn Nets,Barclays Center,Brooklyn,NY,Spicy Rigatoni,,Parm - Main Concourse,Spicy Rigatoni,"Bringing NYC's major ""red sauce"" trend to the basketball crowd.Perfectly cooked rigatoni tossed in a rich, velvety, and deeply savory spicy vodka sauce.",,Headline Item,,2026
NBA,Brooklyn Nets,Barclays Center,Brooklyn,NY,Spicy Rigatoni,,Parm - Main Concourse,"The ""Brooklyn Signature"" Cocktail","The definitive drink of the arena, inspired by the borough's ubiquitous street vendors. It’s a vibrant, spicy mango margarita finished with a heavy Tajín-crusted rim.",,Headline Item,,2026
NBA,Brooklyn Nets,Barclays Center,Brooklyn,NY,Colossal Chocolate Chip Walnut Cookie,,Levain Bakery,Colossal Chocolate Chip Walnut Cookie,"The legendary, gooey, 6-ounce NYC cookie has officially made its way to the concourse.",,Headline Item,,2026
NBA,Brooklyn Nets,Barclays Center,Brooklyn,NY,Coco Bred Pockets,,Coco Bred - Brooklyn Market,Coco Bred Pockets,"Pillowy, sweet Jamaican coco bread split open and stuffed to the brim with deeply seasoned island meats and spicy jerk flavors.",,Headline Item,,2026
NBA,Brooklyn Nets,Barclays Center,Brooklyn,NY,Brooklyn Market,,Section 17,smok-haus,Low-and-slow authentic American BBQ paired with international street food. The BBQ Pulled Pork Sliders are a massive hit for the home crowd.,,Local Partner,,
NBA,Brooklyn Nets,Barclays Center,Brooklyn,NY,Brooklyn Brewery & Friends,,"Grab & Go Sections 24, 206, 226",Brooklyn Brewery & Friends,"Frictionless beverage markets are heavily stocked with elite local Brooklyn craft cans from Talea, Three's Brewing, Grimm, and Brooklyn Brewery.",,Local Partner,,
NBA,Brooklyn Nets,Barclays Center,Brooklyn,NY,Brooklyn Brewery & Friends,,"Grab & Go Sections 24, 206, 226",JetBlue at The Key,"A high-energy, members-only lounge that infuses Brooklyn’s streetball and vibrant park culture with an upscale, all-inclusive buffet.",,Local Partner,,
NBA,Brooklyn Nets,Barclays Center,Brooklyn,NY,Brooklyn Market Presented by National Grid,,Section 17,Brooklyn Market Presented by National Grid,"The ultimate destination for diverse eats, featuring a rotating lineup of minority-owned neighborhood small businesses.",,Dietary/Value,,
NBA,Brooklyn Nets,Barclays Center,Brooklyn,NY,Brooklyn Market Presented by National Grid,,Section 17,School Grounds by Food Education Fund,"A standout kiosk inside the Brooklyn Market where NYC public high school culinary students prepare and sell elevated gameday bites, with proceeds directly supporting youth hospitality education.",,Dietary/Value,,
NBA,Charlotte Hornets,Spectrum Center,Charlotte,NC,Hugo's Hive Items,,"Sections 108, 116, 208 & 225",Hugo's Hive Items,"Standard Hot Dog, Pretzel Bites, Popcorn, Bottled Dasani Water, and Fountain Soda.",,Local Partner,,
NBA,Charlotte Hornets,Spectrum Center,Charlotte,NC,704 Kitchen,,Section 108,704 Kitchen,"Positioned next to the newly constructed Baseline Bar (which features an open design so you never lose sight of the court), this concept rotates a different neighborhood Charlotte restaurant every single month to…",,Local Partner,,
NBA,Charlotte Hornets,Spectrum Center,Charlotte,NC,Piedmont Pit,,Section 114,Piedmont Pit,"The undisputed destination for authentic Carolina-style BBQ. Fans flock here for the Pulled Pork, Double-Smoked Burnt Ends, and creamy baked mac and cheese.",,Local Partner,,
NBA,Charlotte Hornets,Spectrum Center,Charlotte,NC,NoDa Cantina,,Section 110,NoDa Cantina,"The go-to spot for West Coast-meets-East Coast flavor, serving up Super Loaded Nachos and crisp Baja Fish Tacos.",,Local Partner,,
NBA,Charlotte Hornets,Spectrum Center,Charlotte,NC,Brixx Pizza,,"Sections 105, 203, 218",Brixx Pizza,"A local favorite serving up hot, fresh personal wood-fired pizzas that move rapidly during halftime.",,Local Partner,,
NBA,Charlotte Hornets,Spectrum Center,Charlotte,NC,Chick-fil-A & Freddy's,,Upper Concourse,Chick-fil-A & Freddy's,"Familiar staples have been expanded upstairs, including a dedicated Chick-fil-A cart and Freddy's Frozen Custard.",,Local Partner,,
NBA,Charlotte Hornets,Spectrum Center,Charlotte,NC,Queen City Cravings,,Section 109,Queen City Cravings,"The primary stop for a sugar rush or a caffeine kick, featuring local treats from Amélie's French Bakery, Knowledge Perk Coffee, and hand-scooped Bruster's Real Ice Cream or Gnam Gnam Gelato.",,Local Partner,,
NBA,Charlotte Hornets,Spectrum Center,Charlotte,NC,Fastbreak Markets,,"Sections 102, 116, 208, 226",Fastbreak Markets,"Frictionless checkout-free markets have expanded significantly.Just tap your card, grab a local Sycamore Mountain Candy IPA or a quick wrap, and walk right out.",,Dietary/Value,,
NBA,Chicago Bulls,United Center,Chicago,IL,Centennial Six Stack Burger,,Legacy Burger Stands,Centennial Six Stack Burger,"A massive triple-cheeseburger piled high with Havarti, pepper jack, and American cheeses, lettuce, tomato, and onion—crafted with six decadent layers to celebrate Chicago's legendary championship legacies.",,Headline Item,,2026
NBA,Chicago Bulls,United Center,Chicago,IL,"The ""Next Originals"" Elote Dog",,Chicago Dish Stands,"The ""Next Originals"" Elote Dog","A modern-day fan favorite featuring a jumbo all-beef Vienna frank loaded with fresh Mexican street corn (elote), cotija cheese, and a heavy dust of Flamin’ Hot Cheeto crumbs.",,Headline Item,,2026
NBA,Chicago Bulls,United Center,Chicago,IL,Wedge Steakhouse Sandwich,,Chicago Dish Stands,Wedge Steakhouse Sandwich,"Inspired by Chicago's historic meatpacking district and elite steakhouses, this features a chargrilled ribeye steak topped with smoked bacon, iceberg lettuce, fresh tomatoes, and a thick blue cheese dressing.",,Headline Item,,2026
NBA,Chicago Bulls,United Center,Chicago,IL,Crispy Mozzarella Pucks,,Chicago Dish Stands,Crispy Mozzarella Pucks,"A clever hockey-themed upgrade to a classic. These are jumbo, puck-shaped mozzarella sticks encrusted in a parmesan-herb breading and served with a side of house-made marinara.",,Headline Item,,2026
NBA,Chicago Bulls,United Center,Chicago,IL,Crispy Mozzarella Pucks,,Chicago Dish Stands,Centennial Loaded Waffle Fries,"Seasoned waffle fries layered to the brim with jalapeño cheese sauce, crispy bacon pieces, fresh tomatoes, sour cream, and chives.",,Headline Item,,2026
NBA,Chicago Bulls,United Center,Chicago,IL,Honey Butter Fried Chicken,,Section 115,Honey Butter Fried Chicken,The beloved North Side staple is a mandatory stop for their ultra-juicy Crispy Chicken Strips (served with honey buffalo or candied jalapeño mayo) and the new Buffalo Ranch Fries.,,Local Partner,,2026
NBA,Chicago Bulls,United Center,Chicago,IL,This Little Goat Taqueria,,Sections 114 & 230,This Little Goat Taqueria,"Helmed by Top Chef winner Stephanie Izard, serving up Yucatan Pork Tacos and fresh tortilla chips paired with an avocado dip coated in chili-lime crunch seasoning.",,Local Partner,,2026
NBA,Chicago Bulls,United Center,Chicago,IL,Giordano's,,Section 120,Giordano's,"You can grab their classic 6-inch personal deep dish, but the 2026 standout is the Centennial Thin Crust Pizza, loaded with meatballs, banana peppers, black olives, and spicy Chicago giardiniera.",,Local Partner,,2026
NBA,Chicago Bulls,United Center,Chicago,IL,Lillie’s Q,,Lexus Club Level,Lillie’s Q,Southern BBQ meets the Midwest. The lines stay long for their Loaded Brisket Fries and 6-hour slow-smoked Pulled Pork Sandwich.,,Local Partner,,2026
NBA,Chicago Bulls,United Center,Chicago,IL,Queenie’s Supper Club,,Accessible via the Atrium,Queenie’s Supper Club,"A moody, ultra-luxurious take on the traditional upper-Midwest supper club. Ticket holders head here for the ""Queenie's Cut"" Prime Rib, chicken parmesan rigatoni, and the Split Old Fashioned (a high-octane mix of…",,Local Partner,,2026
NBA,Chicago Bulls,United Center,Chicago,IL,Chicago Stadium Club,,Lexus Club Level,Chicago Stadium Club,"Exclusive to 200-level ticket holders, offering an expansive, high-end Chef’s Table buffet before and during the game.",,Local Partner,,2026
NBA,Chicago Bulls,United Center,Chicago,IL,Rocky’s Bar,,Section 119,Rocky’s Bar,"A sophisticated main concourse stop specializing in heavy-pouring, classic baseline cocktails like the Rocky's Bar Martini (using Ketel One and Carpano Bianco) and classic Manhattans.",,Drinks/Social,,2026
NBA,Chicago Bulls,United Center,Chicago,IL,FanDuel Lounge,,Section 113 & Atrium,FanDuel Lounge,The perfect spot to track stats and lines while sipping a refreshing Amaretto Peach Smash or a Don Julio Paloma.,,Drinks/Social,,2026
NBA,Chicago Bulls,United Center,Chicago,IL,FanDuel Lounge,,Section 113 & Atrium,The Next Original Drop,"A signature 2026 cocktail crafted in a commemorative cup, blending Ketel One vodka, limoncello, Cointreau, and fresh Italian ice.",,Drinks/Social,,2026
NBA,Chicago Bulls,United Center,Chicago,IL,The Double-Dog,,Chicago Dish Locations,The Double-Dog,"To keep families fed on a budget without sacrificing local authenticity, this item packs two full-sized Vienna Beef franks into a single soft bun, loaded with mustard, neon green relish, sport peppers, onions, and…",,Dietary/Value,,2026
NBA,Chicago Bulls,United Center,Chicago,IL,The Double-Dog,,Chicago Dish Locations,Maxwell Street Polish,"A time-honored Chicago tradition featuring a snappy Vienna Polish sausage smothered in sweet, caramelized onions and yellow mustard on a poppyseed bun.",,Dietary/Value,,2026
NBA,Cleveland Cavaliers,Rocket Arena,Cleveland,OH,Symon's Burger Joint,,Portals 9 & 43,The Big Cleve Burger,"A monster creation from Food Network star Michael Symon. A smash-patty cheeseburger topped with grilled local kielbasa, ballpark fries, and a heavy pour of hot nacho cheese.",,Headline Item,,2026
NBA,Cleveland Cavaliers,Rocket Arena,Cleveland,OH,The Tremonster Cheesesteak,,Rocco's - Northwest Atrium,The Tremonster Cheesesteak,"Chef Rocco Whalen’s legendary street-level favorite. Shaved ribeye loaded with melted provolone, sautéed mushrooms, and onions, served alongside the Chicken Sack (honey-butter tossed tenders).",,Headline Item,,2026
NBA,Cleveland Cavaliers,Rocket Arena,Cleveland,OH,Pearl’s Kitchen,,Portal 18,Sriracha Maple Crispy Chicken Sando,Chef Tiwanna Scott-Williams brings soulful comfort food to the concourse. This golden-fried chicken breast is drenched in a sweet-and-heat sriracha maple glaze and topped with pickles on a plush potato bun.,,Headline Item,,2026
NBA,Cleveland Cavaliers,Rocket Arena,Cleveland,OH,The Cleveland Hot Chicken Sandwich,,Loudville Grill,The Cleveland Hot Chicken Sandwich,"Created by local icon Vic Searcy (Sauce the City), this features a massive, crispy chicken breast dusted in a secret Cleveland spice blend that gives the perfect amount of Midwest heat.",,Headline Item,,2026
NBA,Cleveland Cavaliers,Rocket Arena,Cleveland,OH,The Funghi Wood-Fired Pizza,,Flour Pizza Co.,The Funghi Wood-Fired Pizza,"Chefs Matt Mytro and Paul Minnillo bring gourmet, blistered-crust pies to the arena. The standout is topped with wild mushrooms, Mackenzie goat cheese, roasted shallots, and a drizzle of white truffle oil.",,Headline Item,,2026
NBA,Cleveland Cavaliers,Rocket Arena,Cleveland,OH,South Neighborhood,,Green House Kitchen,South Neighborhood,"Helmed by James Beard Award-winner Jonathon Sawyer, specializing in street-style Signature Frites and giant Handmade Bavarian Pretzels with local stadium mustard.",,Headline Item,,2026
NBA,Cleveland Cavaliers,Rocket Arena,Cleveland,OH,South Neighborhood,,Green House Kitchen,Elmore's Smokehouse,"A fan-favorite partnership with Cavs Legend Elmore Smith. Every platter of pulled pork and ribs is drenched in Elmore’s signature, locally bottled BBQ sauce.",,Headline Item,,2026
NBA,Cleveland Cavaliers,Rocket Arena,Cleveland,OH,Crown Royal Bar,,Huntington Bank Club Level,Crown Royal Bar,"A sophisticated lounge right next to the Rotunda, specializing in curated whiskey flights and premium classic cocktails.",,Drinks/Social,,
NBA,Cleveland Cavaliers,Rocket Arena,Cleveland,OH,CLE/MKT,,Portal 21,CLE/MKT,"The arena's premier destination for lighter, healthier, and farm-to-table fare. Partnering with Vegan Vicki, this market offers BBQ Chik'n Wraps, Caesar Salads, and fresh fruit options.",,Dietary/Value,,
NBA,Cleveland Cavaliers,Rocket Arena,Cleveland,OH,CLE/MKT,,Portal 21,Mitchell’s Ice Cream,"Cleveland’s favorite small-batch ice cream is available at multiple portals, served in souvenir mini-helmets.",,Dietary/Value,,
NBA,Dallas Mavericks,American Airlines Center,Dallas,TX,Modelo Gold Lion Bar & Grill,,Section 103,Waffle Fry Nachos,"A massive 2026 fan favorite. A mountain of crispy waffle fries drenched in warm Modelo beer queso, topped with fresh pico de gallo and jalapeño ranch. It comes with a surprisingly addictive, crunchy side of Buffalo…",,Headline Item,,2026
NBA,Dallas Mavericks,American Airlines Center,Dallas,TX,Zavala’s Barbeque,,Section 121,Zavala’s Barbeque,"Routinely named among the absolute best BBQ spots in North Texas. Their permanent concourse stand stays packed for the Sloppy Juan Tacos, chopped brisket nachos, and the legendary Smoked Brisket Hot Dog.",,Headline Item,,2026
NBA,Dallas Mavericks,American Airlines Center,Dallas,TX,Tostitos Cantina,,Section 104,Cheetos Flamin’ Hot Elote Dog,"A snappy Niman Ranch hot dog loaded with sweet street corn, cotija cheese, and completely blanketed in crushed Flamin’ Hot Cheetos.",,Headline Item,,2026
NBA,Dallas Mavericks,American Airlines Center,Dallas,TX,S'mores Nachos,,High Steaks Stands,S'mores Nachos,"The ultimate stunt dessert—graham cracker ""chips"" piled high with melted marshmallows, chocolate chunks, and a heavy drizzle of chocolate syrup.",,Headline Item,,2026
NBA,Dallas Mavericks,American Airlines Center,Dallas,TX,El Taco Tex Churros,,Sections 105 & 117,El Taco Tex Churros,"Crispy, golden, and served piping hot with a side of dulce de leche.",,Drinks/Social,,2026
NBA,Dallas Mavericks,American Airlines Center,Dallas,TX,Platinum Level,,Section 202,Yuengling Flight Club,"Led by Chef Andres Dominguez, this upscale pre-game Chef’s Table boasts a prime layout of seasonal carving stations, gourmet charcuterie boards, and custom-paired wine flights.",,Drinks/Social,,2026
NBA,Dallas Mavericks,American Airlines Center,Dallas,TX,Angel’s Envy Bourbon Club & VIP Lounge,,Section 202,Fancier Cocktails,"Standard wells have been pushed aside at bars like the Patrón Tequilería and CASA Bacardí for premium cocktail menus featuring top-shelf Espresso Martinis, Smoked Old Fashioneds, and fresh-squeezed Palomas.",,Drinks/Social,,2026
NBA,Dallas Mavericks,American Airlines Center,Dallas,TX,Market to Go,,"Sections 104, 111, 319",Market to Go,"Perfect for a quick, lighter pivot from heavy stadium food, offering fresh deli-style sandwiches, artisan tossed salads, and a nutrient-dense Vegan Power Bowl.",,Dietary/Value,,2026
NBA,Dallas Mavericks,American Airlines Center,Dallas,TX,Market to Go,,"Sections 104, 111, 319",Bud Light Grab & Go Carts,"Slick, frictionless self-checkout beer coolers loaded with domestic tallboys and local Texas craft cans to keep halftime lines moving instantly.",,Dietary/Value,,2026
NBA,Denver Nuggets,Ball Arena,Denver,CO,Redeemer Pizza,,Sections 126 & 342,Redeemer Pizza,"The legendary RiNo district pizzeria has an outpost here, slinging their artisan ""New York 2.0"" slices. It features high-end ingredients like Ezzo cup-and-char pepperoni and California San Marzano tomatoes.",,Local Partner,,2026
NBA,Denver Nuggets,Ball Arena,Denver,CO,Nola Jane,,Section 303,Nola Jane,"Bringing authentic Southern hospitality to the 300 level. Their signature Debris Po'Boyfeatures 8-hour braised beef dripping in jus gravy. They also serve Alligator Sausage, Jambalaya, and Nola Poutine (fries smothered…",,Local Partner,,2026
NBA,Denver Nuggets,Ball Arena,Denver,CO,Mexico City Lounge,,Section 328,Mexico City Lounge,"A classic Denver institution famous for its Fried Tacos ($16 for 3), which feature a uniquely crispy, golden shell and a cult-like local following.",,Local Partner,,2026
NBA,Denver Nuggets,Ball Arena,Denver,CO,Big Belly Brothers BBQ,,Sections 148 & 379,Big Belly Brothers BBQ,"The destination for smoked meats. Highlights include 20-hour Smoked Brisket Sandwiches, Beef Burnt Ends, and Loaded Brisket Chili Fries.",,Local Partner,,2026
NBA,Denver Nuggets,Ball Arena,Denver,CO,Cluck Shack Chicken,,Section 146,Cluck Shack Chicken,"Perfect for a heavy crunch, specializing in the Nashville Hot Chicken and Waffle Sandwich and jumbo chicken tenders.",,Local Partner,,2026
NBA,Denver Nuggets,Ball Arena,Denver,CO,Jakes Baby D's,,Section 134,Jakes Baby D's,"Making a grand return to the arena, this local favorite fills the concourse with the aroma of hot, fresh-fried Mini Donuts and craft coffee.",,Local Partner,,2026
NBA,Detroit Pistons,Little Caesars Arena,Detroit,MI,The Playoff Run-ning Taco,,Portal 26,The Playoff Run-ning Taco,"An elevated walking taco using an extra-large, shareable bag of Flamin' Hot Cheetos packed tight with seasoned proteins, melted cheeses, and sour cream.",,Drinks/Social,,2026
NBA,Detroit Pistons,Little Caesars Arena,Detroit,MI,Apple BBQ Chicken,,Slow's Bar-B-Q,Apple BBQ Chicken,"A special centenary item introduced for the Red Wings' historic season, featuring tender chicken drenched in a sweet, smoky local apple BBQ glaze.",,Drinks/Social,,2026
NBA,Detroit Pistons,Little Caesars Arena,Detroit,MI,The Coop,,Portals 18 & 19,All The Time Fry,"Crispy, seasoned fries loaded with a proprietary ""All The Time"" spice blend, house sauce, and fresh scallions.",,Drinks/Social,,2026
NBA,Detroit Pistons,Little Caesars Arena,Detroit,MI,The Scoop,,Portals 18 & 19,Full Court Press Sundae,"Creamy vanilla ice cream topped with your choice of red or blue soda, sprinkles, and a Pistons-branded topper, served inside a collectible souvenir sneaker cup.",,Drinks/Social,,2026
NBA,Detroit Pistons,Little Caesars Arena,Detroit,MI,EggRollDiva,,1701 Pub,EggRollDiva,"The Detroit food truck legend brings its ultra-popular, heavily stuffed specialty egg rolls back to the concourse for the playoff crowds.",,Local Partner,,2026
NBA,Detroit Pistons,Little Caesars Arena,Detroit,MI,EggRollDiva,,1701 Pub,Belle’s Tap House Ramen,"A surprise hit for hockey and basketball fans alike, serving deeply savory, steaming bowls of craft ramen right on the concourse.",,Local Partner,,2026
NBA,Detroit Pistons,Little Caesars Arena,Detroit,MI,The 2645 Pastrami,,1701 Pub,The 2645 Pastrami,"A towering, deli-style pastrami sandwich layered with Swiss cheese and spicy mustard on marble rye.",,Local Partner,,2026
NBA,Detroit Pistons,Little Caesars Arena,Detroit,MI,Little Caesars Pizza,,Multiple Portals,Little Caesars Pizza,"It wouldn't be the ""Dough Joe"" without it. You can grab quick-service, classic hot-and-ready slices ($8–$10) all over the 100 and 300 levels.",,Local Partner,,2026
NBA,Detroit Pistons,Little Caesars Arena,Detroit,MI,Mike's Pizza Bar,,Multiple Portals,The Mixing Board,"A from-scratch, Michigan-themed culinary experience. For the 2026 season, their standout item is the Fresh England-Style Lobster Roll.",,Local Partner,,2026
NBA,Golden State Warriors,Chase Center,San Francisco,CA,Stacked Sandos,,Portal 20,Stacked Sandos,"A flavor-packed sandwich shop serving up elevated, heavy hot sandwiches. The undisputed star of 2026 is the Korean Bulgogi Cheesesteak, featuring deeply marinated beef with a slight kick, though the Classic French Dip…",,Local Partner,,2026
NBA,Golden State Warriors,Chase Center,San Francisco,CA,Golden State Waffle Co.,,Portal 15,Golden State Waffle Co.,"Next-level comfort food combining sweet and savory. The headline item is the Golden Firebird Sando—a fiery take on Nashville hot chicken sandwiched between golden, crispy waffles and drizzled with real maple syrup and…",,Headline Item,,2026
NBA,Golden State Warriors,Chase Center,San Francisco,CA,Pure Catch,,Portal 22,Pure Catch,"A fresh seafood spot blending island tradition with modern flair. Highly praised for its vibrant Tuna Poke Bowls (as well as vegetarian beet bowls), Poke Nachos, and crispy Cream Cheese Rangoons.",,Local Partner,,2026
NBA,Golden State Warriors,Chase Center,San Francisco,CA,La Ciudad,,Portal 11,La Ciudad,"A vibrant celebration of Latin street food, serving up street tacos crafted with freshly made masa corn tortillas. Options include Al Pastor Chicken and luscious Bistecca Burnt Ends.",,Local Partner,,2026
NBA,Golden State Warriors,Chase Center,San Francisco,CA,Swish & Sugar,,Portal 24,Swish & Sugar,"A bold dessert destination partnering with SF legend Mitchell’s Ice Cream. Fans line up for warm, gooey blondies and brownies topped with premium scoops, but the ultimate move is the Waffle Ice Cream Sando laced with…",,Local Partner,,2026
NBA,Golden State Warriors,Chase Center,San Francisco,CA,Nuevos,,Portal 3,Nuevos,"Bringing bold, soulful New Mexican cuisine to life. Standouts include the New Mexico Green Chile & Chicken Quesadilla and the savory Carne Adovada Sopapilla.",,Local Partner,,2026
NBA,Golden State Warriors,Chase Center,San Francisco,CA,Tony G’s Slice House Pizza,,Multiple Portals,Tony G’s Slice House Pizza,"The award-winning local pizza staple has expanded for 2026, debuting a dedicated Soft-Serve Ice Cream machine with rotating flavors alongside their classic premium slices.",,Drinks/Social,,2026
NBA,Golden State Warriors,Chase Center,San Francisco,CA,City Bistro,,Portal 9,City Bistro,"Home of the new Chicken Elote Nachos—crispy tortilla chips loaded with tender chicken, street corn, cotija cheese, and lime crema.",,Drinks/Social,,2026
NBA,Golden State Warriors,Chase Center,San Francisco,CA,Señor Sisig,,Outside the Gates,Señor Sisig,The legendary local food truck icon serving up its famous Filipino fusion Sisig Burritos and loaded fries right outside the gates.,,Local Partner,,2026
NBA,Golden State Warriors,Chase Center,San Francisco,CA,Fikscue Craft Barbecue,,Main Concourse,Fikscue Craft Barbecue,A sensational Bay Area mashup serving certified Halal Texas BBQ infused with traditional Indonesian flavors (like brisket beef rendang).,,Local Partner,,2026
NBA,Golden State Warriors,Chase Center,San Francisco,CA,Sake ONO,,Courtside & Luxury Boxes,Sake ONO,"A premium addition for the 2026 season, bringing Japanese-brewed Junmai Daiginjo sake directly to the luxury theater boxes and courtside lounges.",,Drinks/Social,,2026
NBA,Houston Rockets,Toyota Center,Houston,TX,Haute Dog,,Section 108,The Big Tex Sausage,"A fiery local favorite. A juicy 1/4 lb. spicy jalapeño-and-cheese smoked sausage loaded with a sweet-and-heat six-pepper relish, fiery arbol salsa, and smoky chipotle aioli.",,Headline Item,,2026
NBA,Houston Rockets,Toyota Center,Houston,TX,Haute Dog,,Section 114,The Street Corn Dog,"A massive footlong hot dog blanketed in warm elote con queso, fresh red jalapeños, smoked pepper mayo, parmesan, and cotija cheeses.",,Headline Item,,2026
NBA,Houston Rockets,Toyota Center,Houston,TX,Ropa Vieja Nachos,,Main Concourse,Ropa Vieja Nachos,"A spectacular twist on standard nachos. Vibrant blue corn tortilla chips topped with black beans, deeply savory shredded ropa vieja beef stew, rich jalapeño cheese sauce, and sweet fried plantains.",,Headline Item,,2026
NBA,Houston Rockets,Toyota Center,Houston,TX,Cheetos Popcorn,,"Sections 109, 126, 400",Cheetos Popcorn,"A legendary arena staple that coats freshly popped, buttery cinema popcorn in a heavy layer of crushed, intensely cheesy Cheetos dust.",,Headline Item,,2026
NBA,Houston Rockets,Toyota Center,Houston,TX,HOU BBQ,,Sections 115 & 125,HOU BBQ,True-to-Texas pit smoking inside an NBA arena. The lines stay long for the 14-Hour Slow-Smoked Brisket Sandwich and the Loaded BBQ Tater Tots smothered in chopped brisket and liquid queso.,,Local Partner,,2026
NBA,Houston Rockets,Toyota Center,Houston,TX,HOU BBQ,,Sections 115 & 125,Saltgrass Steak House Partnerships,"The Texas institution brings high-quality cuts directly to the concourse. Must-orders include the Vaquero Tacos (slow-braised brisket, pickled slaw, and sriracha mayo) and the Nashville Hot Chicken Tenders served over…",,Local Partner,,2026
NBA,Houston Rockets,Toyota Center,Houston,TX,Cadillac Mexican Kitchen,,Sections 125 & 433,Cadillac Mexican Kitchen,"The premier destination for Tex-Mex cravings, pumping out fresh Cadillac Nachos, street-style tacos, and house-made chips paired with fresh pico de gallo.",,Local Partner,,2026
NBA,Houston Rockets,Toyota Center,Houston,TX,Bill’s Bar & Burger,,"Sections 102, 108, 119, 433",Bill’s Bar & Burger,"The go-to spot for an elite, classic flat-top burger, also offering a dedicated Beyond Burger plant-based option for vegetarian fans.",,Local Partner,,2026
NBA,Houston Rockets,Toyota Center,Houston,TX,Garrison Brothers Bourbon Bar,,Sections 113 & 423,Garrison Brothers Bourbon Bar,"A multi-year partnership with Texas’ first legal bourbon distillery. This upper-concourse lounge is open to all ticket holders, serving up premium expressions and rotating seasonal craft cocktails completely on tap.",,Local Partner,,2026
NBA,Houston Rockets,Toyota Center,Houston,TX,Sire Spirits Bars,,Sections 109 & 118,Sire Spirits Bars,"Backed by Curtis ""50 Cent"" Jackson's premium brands, these sleek bars feature high-end cocktails mixed with Branson Cognac and Le Chemin du Roi Champagne.",,Local Partner,,2026
NBA,Houston Rockets,Toyota Center,Houston,TX,Karbach Beer Bar,,Section 126,Karbach Beer Bar,Showcasing local Houston craft culture with heavy pours of Love Street Citrus Blonde and Hopadillo IPA.,,Drinks/Social,,2026
NBA,Houston Rockets,Toyota Center,Houston,TX,Takeoff Markets,,"Sections 115, 401, 415",Takeoff Markets,"To combat long concession lines, the Toyota Center has rolled out frictionless ""Just Walk Out"" grab-and-go technology on both concourses. Fans simply scan their card or phone, grab a local craft can, a Topo Chico, or a…",,Dietary/Value,,2026
NBA,Indiana Pacers,Gainbridge Fieldhouse,Indianapolis,IN,The Fever Milkshake,,Section 11 - Shake Bar by Steak 'n Shake,The Fever Milkshake,"Spun fresh for the WNBA season and heavily hyped by the team during the 2026 taste test. A vibrant, red-and-yellow layered masterpiece celebrating ""Fever Basketball.""",,Headline Item,,2026
NBA,Indiana Pacers,Gainbridge Fieldhouse,Indianapolis,IN,The Full Court Porkster,,Section 17 - The Kitchen,The Full Court Porkster,"Indiana is famous for its pork, and this sandwich delivers. It features a massive, crispy pork tenderloin stack topped with local slaw and a zesty house sauce.",,Headline Item,,2026
NBA,Indiana Pacers,Gainbridge Fieldhouse,Indianapolis,IN,Double Smash Burgers,,Section 117 - Boom Baby Burgers,Double Smash Burgers,"Named after legendary Pacers broadcaster Slick Leonard’s iconic ""Boom Baby!"" call. These thin, lacy-edged patties are smashed to order; the Bacon Pimento Cheeseburger and the Dill Pickle Burger are the breakouts for…",,Headline Item,,2026
NBA,Indiana Pacers,Gainbridge Fieldhouse,Indianapolis,IN,Oven-Baked Italian Hero,,Section 105 - Delaware St. Pizzeria,Oven-Baked Italian Hero,"A classic deli hero packed with capicola, salami, and pepperoni, smothered in provolone and toasted directly in the pizza ovens.",,Headline Item,,2026
NBA,Indiana Pacers,Gainbridge Fieldhouse,Indianapolis,IN,Churro-Style Donut Holes,,Sections 6 & 115 - Three Point Taqueria,Churro-Style Donut Holes,"The perfect sweet finish to a night of street tacos. Warm, pillowy donut holes tossed in a heavy coat of cinnamon sugar and served with a side of dulce de leche.",,Headline Item,,2026
NBA,Indiana Pacers,Gainbridge Fieldhouse,Indianapolis,IN,Ben’s Pretzels,,Section 2,Ben’s Pretzels,"An Indiana Amish-country staple. These massive, hand-rolled, ultra-buttery soft pretzels are baked fresh on the concourse and paired perfectly with fresh-squeezed lemonade.",,Local Partner,,2026
NBA,Indiana Pacers,Gainbridge Fieldhouse,Indianapolis,IN,HotBox Pizza,,Fieldhouse Favorites - Multiple Sections,HotBox Pizza,"The official slice of the arena, bringing Indy's favorite local late-night crust, thick pepperoni cups, and breadstix to the stands.",,Local Partner,,2026
NBA,Indiana Pacers,Gainbridge Fieldhouse,Indianapolis,IN,Warehouse District BBQ,,Section 15 & 216,Warehouse District BBQ,Low-and-slow pulled pork and smoked brisket sandwiches served with house-made kettle chips and a rich pimento cheese dip.,,Local Partner,,2026
NBA,Indiana Pacers,Gainbridge Fieldhouse,Indianapolis,IN,Chick-fil-A,,Sections 208 & 215,Chick-fil-A,"The familiar comfort of classic chicken sandwiches, waffle fries, and brownies remains a massive hit for families on the balcony level.",,Local Partner,,2026
NBA,Indiana Pacers,Gainbridge Fieldhouse,Indianapolis,IN,Mom Water & Dad Water Bar,,Section 208,Mom Water & Dad Water Bar,"A uniquely Indiana phenomenon. This local, female-founded brand serves up its wildly popular, non-carbonated fruit-infused vodka waters directly from a dedicated concourse bar.",,Drinks/Social,,2026
NBA,Indiana Pacers,Gainbridge Fieldhouse,Indianapolis,IN,Sire Spirits Balcony Bar,,Section 216,Sire Spirits Balcony Bar,"Backed by Curtis ""50 Cent"" Jackson's premium brands, this upper-concourse destination specializes in high-octane, frozen Branson Cognac Slushies.",,Drinks/Social,,2026
NBA,Indiana Pacers,Gainbridge Fieldhouse,Indianapolis,IN,Upland Brewing Co. & Sun King Bars,,"Sections 1, 232",Upland Brewing Co. & Sun King Bars,Showcasing the absolute best of Indiana’s craft beer scene. Grab a fresh pour of Sun King Sunlight Cream Ale or Upland's Courtside IPA.,,Drinks/Social,,2026
NBA,Indiana Pacers,Gainbridge Fieldhouse,Indianapolis,IN,Fast Break Grab-and-Go Markets,,"Sections 4, 18, 209, 232",Fast Break Grab-and-Go Markets,"Powered by frictionless Zippin technology. Fans simply tap a credit card or mobile wallet at the turnstile, walk in, grab a cold Sun King tallboy, a Mom Water, or a quick snack, and walk right out. No barcodes, no…",,Dietary/Value,,2026
NBA,LA Clippers,Intuit Dome,Inglewood,CA,Four-Edge Pan Pizza,,Main Concourse,Butter Toffee Popcorn,"The popcorn here was subjected to months of painstaking kernel and oil testing before launch. The Butter Toffee variation is a fan favorite, famously earning top-tier marks from the NBA's unofficial popcorn critic,…",,Local Partner,,2026
NBA,LA Clippers,Intuit Dome,Inglewood,CA,The GZ Cookie,,Main Concourse,The GZ Cookie,"A massive, gooey, gourmet chocolate chip cookie made from a personal recipe by Clippers business mastermind Gillian Zucker.",,Local Partner,,2026
NBA,LA Clippers,Intuit Dome,Inglewood,CA,La Princessa Churros,,Main Concourse,La Princessa Churros,"Warm, golden churros dusted in heavy cinnamon sugar and served with a premium side of dulce de leche for dipping.",,Local Partner,,2026
NBA,Los Angeles Lakers,Crypto.com Arena,Los Angeles,CA,Doritos After Dark,,Star Plaza Entrance,Doritos Spicy Sweet Chili Ramen-Rito,"A wild late-night dream come to life. Instant ramen, seasoned protein, and melty cheese rolled tightly into a burrito wrap with a heavy crunch of crushed Spicy Sweet Chili Doritos.",,Local Partner,,2026
NBA,Los Angeles Lakers,Crypto.com Arena,Los Angeles,CA,Doritos After Dark,,Star Plaza Entrance,Flamin' Hot Nacho Veggie Dumplings,"A breakout hit for the 2026 season—steamed dumplings coated in a fiery, cheesy Doritos dust.",,Local Partner,,2026
NBA,Los Angeles Lakers,Crypto.com Arena,Los Angeles,CA,Doritos After Dark,,Star Plaza Entrance,Nacho Cheese Crunchtastic Vanilla Cone,A sweet-and-savory stunt dessert featuring premium vanilla soft serve in a cone heavily crusted with traditional Nacho Cheese Doritos.,,Local Partner,,2026
NBA,Los Angeles Lakers,Crypto.com Arena,Los Angeles,CA,Trois Familia,,Michelin Concourse,Trois Familia,"A stadium recreation of his beloved Silver Lake restaurant, blending classic Mexican dishes with French technique (and lots of butter). Fans flock here for the Double Decker Style Potato Taco and the incredibly rich…",,Local Partner,,2026
NBA,Los Angeles Lakers,Crypto.com Arena,Los Angeles,CA,Ludobab,,Michelin Concourse,Ludobab,"Chef Ludo’s nod to the Mediterranean street food of his youth. This is the arena's premier destination for clean eating, serving up Grilled Pita Burgers, charred kabob bowls, and scratch-made hummus with warm pita.",,Local Partner,,2026
NBA,Los Angeles Lakers,Crypto.com Arena,Los Angeles,CA,LudoBird,,Michelin Concourse,LudoBird,"The arena anchor that started it all. Famous for its crispy Provencal Fried Chicken Sandwich served on a plush bun, alongside a newly introduced Plant-Based Ludo Sando that matches the original's crunch beat-for-beat.",,Local Partner,,2026
NBA,Los Angeles Lakers,Crypto.com Arena,Los Angeles,CA,fuku® by Chef David Chang,,City View Terrace,fuku® by Chef David Chang,"Perched on the newly renovated, open-air City View Terrace, this spicy fried chicken concept has become a mandatory pre-game stop. The move here is the OG Sando—a fiery, juicy chicken breast slathered in fuku mayo and…",,Local Partner,,2026
NBA,Los Angeles Lakers,Crypto.com Arena,Los Angeles,CA,Dirt Dog,,Main Concourse,Dirt Dog,"An authentic, Los Angeles-bred street food icon. Their Elote Dog is legendary: a premium snap-casing frank wrapped in bacon, heavily blanketed in street corn, cotija cheese, cilantro, and chili powder.",,Local Partner,,2026
NBA,Los Angeles Lakers,Crypto.com Arena,Los Angeles,CA,Fresh Brothers Pizza,,Section 109,Fresh Brothers Pizza,"The exclusive pizza partner for 2026, serving up fresh, high-quality pies. For a quick halftime play, you can grab their thick, caramelized Detroit-Style slices from the hot food warmers.",,Local Partner,,2026
NBA,Los Angeles Lakers,Crypto.com Arena,Los Angeles,CA,"Amazon ""Just Walk Out"" Hot Markets",,"Sections 105, 113, 301","Amazon ""Just Walk Out"" Hot Markets","The arena has fully leaned into biometric automation. You scan your app or card at the gate, grab a fresh Tuna Poke Bowl, a slice of Fresh Brothers pizza, or a cold Golden Road Brewing craft tallboy, and walk right out.",,Drinks/Social,,2026
NBA,Los Angeles Lakers,Crypto.com Arena,Los Angeles,CA,The Expanded Lexus Club,,"Sections 105, 113, 301",Better Balance Partnership,"A massive win for dietary diversity, serving as the official plant-based partner with dedicated vegan burgers, dairy-free cheese alternatives, and sustainable stadium snacks integrated globally across the digital menus.",,Drinks/Social,,2026
NBA,Memphis Grizzlies,FedExForum,Memphis,TN,The Triple-Stack Gourmet Burger,,The Gourmet Grill,The Triple-Stack Gourmet Burger,"A massive upgrade to the arena's burger game. Features three thin, beautifully seared patties layered with melted American cheese and served on an ultra-plush, locally baked bun from Memphis’s own D&R Bakery.",,Headline Item,,2026
NBA,Memphis Grizzlies,FedExForum,Memphis,TN,Hand-Breaded Tenders,,The Gourmet Grill,Hand-Breaded Tenders,"Ditching the traditional frozen bags, the main plaza now hand-batters jumbo chicken tenders on-site, serving them piping hot and extra crispy with a side of seasoned fries.",,Headline Item,,2026
NBA,Memphis Grizzlies,FedExForum,Memphis,TN,Smoke n Pour,,Section 204,Loaded Smokehouse Spuds,"A heavy-hitting Terrace-level favorite. A giant baked potato split open and piled high with your choice of low-and-slow smoked pork, beef, or chicken, drenched in cheese and green onions.",,Headline Item,,2026
NBA,Memphis Grizzlies,FedExForum,Memphis,TN,I-Pop Gourmet Popcorn,,Section 107,Gourmet Popcorn Flights,"A local vendor serving up rotating sweet and savory artisanal popcorn flavors alongside warm, honey-roasted nuts.",,Headline Item,,2026
NBA,Memphis Grizzlies,FedExForum,Memphis,TN,Rendezvous BBQ,,"Sections 106, 116, 216",Rendezvous BBQ,"In Memphis, BBQ Nachos are the cultural equivalent of peanuts and Cracker Jack. Rendezvous rules the concourse with tortilla chips smothered in liquid queso, jalapeños, and a mountain of pulled pork or chicken dusted…",,Local Partner,,2026
NBA,Memphis Grizzlies,FedExForum,Memphis,TN,TacoNganas,,Section 118 & 209,TacoNganas,"One of Memphis’s most prolific and beloved local food truck empires has a permanent arena home, pumping out authentic, incredibly juicy street tacos with fresh cilantro, onions, and fiery green salsa.",,Local Partner,,2026
NBA,Memphis Grizzlies,FedExForum,Memphis,TN,Rock’n Dough Pizza,,Section 109 & 209,Rock’n Dough Pizza,"Serving up massive, artisan NY-style slices (including a killer BBQ chicken pie) alongside their very own locally brewed Rock’n Dough craft beers.",,Local Partner,,2026
NBA,Memphis Grizzlies,FedExForum,Memphis,TN,Chick-fil-A,,Section 101,Chick-fil-A,Pumping out the familiar comfort of classic chicken sandos and waffle fries for weekday and Saturday night games (closed Sundays).,,Local Partner,,2026
NBA,Memphis Grizzlies,FedExForum,Memphis,TN,Wiseacre Brewery Bar,,Section 112 & 215,Wiseacre Brewery Bar,The premier local craft stop. Grab a fresh pour of Tiny Bomb Pilsner or Ananda IPA.,,Drinks/Social,,2026
NBA,Memphis Grizzlies,FedExForum,Memphis,TN,Milagro Tequila Bar (Section 108) & Cacti Seltzer Stands,,Section 112 & 215,The Playoff Mocktail Program,"An inclusive addition offering high-end, alcohol-free fruit and botanical mixes served in souvenir Grizzlies cups.",,Drinks/Social,,2026
NBA,Memphis Grizzlies,FedExForum,Memphis,TN,The Self-Serve Food Court,,Sections 208–209,The Self-Serve Food Court,"No more traditional lines on the Terrace level. This high-tech zone allows fans to walk up to self-serve warmers, grab a burger, wings, or a slice of pizza, and pay instantly at a bank of digital kiosks.",,Dietary/Value,,2026
NBA,Memphis Grizzlies,FedExForum,Memphis,TN,Grab ’N Go Markets,,"Sections 104, 118, 228",Grab ’N Go Markets,"Completely frictionless coolers. Scan your card, grab a local craft tallboy or a quick snack, and walk right out.",,Dietary/Value,,2026
NBA,Memphis Grizzlies,FedExForum,Memphis,TN,Kid Bites,,Sections 112–114,Kid Bites,"A brilliant dedicated stand engineered solely for little ones, offering kid-portioned tater tots, standard hot dogs, mini corn dogs, and sweet desserts at family-friendly prices.",,Dietary/Value,,2026
NBA,Miami Heat,Kaseya Center,Miami,FL,The Wagyu Tequeño Dog,,Ocho Lounge & 601 Miami,The Wagyu Tequeño Dog,"A spectacular, high-end twist on a Venezuelan classic. A premium Wagyu beef dog paired with crispy potato stix, fresh cilantro, and a sweet-and-tangy passion fruit and pineapple salsa.",,Headline Item,,2026
NBA,Miami Heat,Kaseya Center,Miami,FL,Nachos Encendidos,,601 Miami,Nachos Encendidos,"A massive fan-favorite returning for the current campaign. Crispy, golden wonton chips piled high with deeply savory, slow-braised ropa vieja beef stew, all drizzled with a vibrant aji amarillo cheese crema.",,Headline Item,,2026
NBA,Miami Heat,Kaseya Center,Miami,FL,Queso Frito Slider,,Bacardi Ocho Lounge,Queso Frito Slider,"A sweet-and-savory masterpiece featuring a thick slab of griddled queso blanco, sweet guava-bacon maduros (sweet plantains), and a savory beef slider patty.",,Headline Item,,2026
NBA,Miami Heat,Kaseya Center,Miami,FL,Chicharrón Arepa,,601 Miami,Chicharrón Arepa,"An authentically crafted, crispy white corn arepa infused directly with savory chicharrones, split open and stuffed to the brim with seasoned local ingredients.",,Headline Item,,2026
NBA,Miami Heat,Kaseya Center,Miami,FL,Skinny Louie,,"Sections 105, 120, 308, 324",Skinny Louie,"Miami's undisputed Smash King and South Beach Burger Bash Champion has expanded across the building. Lines stay long for their ultra-lacy, 100% fresh Black Angus smash burgers, crispy golden fries, and thick hand-spun…",,Local Partner,,
NBA,Miami Heat,Kaseya Center,Miami,FL,Tacotomia,,Sections 124 & 304,Tacotomia,"Renowned Chef Karla Hoyos brings her iconic neighborhood street taco concept straight to the concourse. Driven by the motto ""Real Tacos and not chingaderas,"" these scratch-made tacos and quesadillas are loaded with…",,Local Partner,,
NBA,Miami Heat,Kaseya Center,Miami,FL,Vice City Smokehouse,,Sections 117 & 406,Vice City Smokehouse,"Authentic, low-and-slow North Carolina–style BBQ. Grab a plate of smoked brisket or pulled pork loaded with the chef's secret family-recipe sauce, paired with white cheddar mac n’ cheese and jalapeño cornbread.",,Local Partner,,
NBA,Miami Heat,Kaseya Center,Miami,FL,Chicken Ciao,,"Sections 108, 117, 309, 325",Chicken Ciao,"The go-to spot for a massive crunch, serving buttermilk-marinated chicken breast tenders alongside arena-exclusive crispy waffle fries.",,Local Partner,,
NBA,Miami Heat,Kaseya Center,Miami,FL,601 Miami,,AT&T East Plaza,601 Miami,"Open to all ticket holders 90 minutes before tip-off. This multi-level, upscale lounge features massive floor-to-ceiling windows overlooking the water. The signature drink here is the Lychee Lemonade (Bacardí Superior,…",,Drinks/Social,,
NBA,Miami Heat,Kaseya Center,Miami,FL,200,,Suite Level,Bacardi Ocho Lounge,"A membership-accessible lounge modeled after Miami's high-end, eclectic nightlife scene, serving up premium Ocho Old Fashioneds and artisanal charcuterie.",,Drinks/Social,,
NBA,Miami Heat,Kaseya Center,Miami,FL,FIT Cart Vegan Plus,,Section 105,FIT Cart Vegan Plus,"A heavily revamped plant-powered concept built to answer fan demand. It features clean, highly satisfying vegetarian and vegan street food options, including loaded plant-based bowls and dairy-free taco alternatives.",,Dietary/Value,,
NBA,Miami Heat,Kaseya Center,Miami,FL,Flaming Hot Family Fun Zone,,Section 315,Flaming Hot Family Fun Zone,"The ultimate destination for families keeping an eye on a budget.This upper-concourse hub offers strictly discounted, kid-friendly pricing on standard hot dogs, mini corn dogs, soft-serve ice cream, and the signature…",,Dietary/Value,,
NBA,Milwaukee Bucks,Fiserv Forum,Milwaukee,WI,Smokestack,,Section 122,The 2-Pound Giant Bone-In Beef Rib,"A massive showstopper reserved exclusively for marquee matchups. It features a gigantic, slow-smoked beef rib served alongside macaroni & cheese, pickles, pickled red onions, and warm rolls.",,Headline Item,,2026
NBA,Milwaukee Bucks,Fiserv Forum,Milwaukee,WI,Smokestack,,Section 122,The 414 Fire Roll,"A spicy local favorite packed with flavor, featuring snappy andouille sausage, pickled celery, onions, and peppers, all finished with a creamy remoulade.",,Headline Item,,2026
NBA,Milwaukee Bucks,Fiserv Forum,Milwaukee,WI,King's Hawaiian Pretzel Bites,,Outside Section 103,King's Hawaiian Pretzel Bites,"A major coup for the arena. Fiserv Forum is officially the first venue in the NBA to serve these—pillowy, salted or cinnamon pretzel bites paired with your choice of warm beer cheese, rich caramel, or honey mustard dip.",,Headline Item,,2026
NBA,Milwaukee Bucks,Fiserv Forum,Milwaukee,WI,Mecca Burger Bar,,Sections 116 & 221,The Double Decker MKE Burger,"A wild Midwest mashup. A traditional beef smash patty stacked directly on top of a juicy Johnsonville brat patty, smothered in warm Wisconsin bier cheese and sweet caramelized onions.",,Headline Item,,2026
NBA,Milwaukee Bucks,Fiserv Forum,Milwaukee,WI,Flourchild Pizza,,Sections 119 & 224,Flourchild Pizza,"Bringing elite neighborhood sourdough pizza directly to the seats. Known for fast-moving whole pies and thick, bubbly artisanal slices alongside fresh garden and Caesar salads.",,Local Partner,,2026
NBA,Milwaukee Bucks,Fiserv Forum,Milwaukee,WI,"The ""Fizz"" Stand",,Main Concourse,"The ""Fizz"" Stand","Fiserv’s brilliant nod to the viral ""dirty soda"" trend. This dedicated beverage oasis serves up non-alcoholic sodas spiked with custom flavored syrups, fresh fruit purees, and silky coconut cream.",,Local Partner,,2026
NBA,Milwaukee Bucks,Fiserv Forum,Milwaukee,WI,Southside Market,,Section 207,Southside Market,"A haven for starchy comfort. This station allows fans to completely customize a Build-Your-Own Loaded Baked Potato or freshly fried pub chips, stacked high with cheese, bacon, sour cream, and local chives.",,Local Partner,,2026
NBA,Milwaukee Bucks,Fiserv Forum,Milwaukee,WI,The Cluckery,,Sections 115 & 220,The Cluckery,"The definitive go-to for standard gameday crunch, slinging Nashville Hot Wings and the massive Big Cluck hand-breaded chicken sandwich.",,Local Partner,,2026
NBA,Milwaukee Bucks,Fiserv Forum,Milwaukee,WI,The Cluckery,,Sections 115 & 220,Slice and Roll,"A brand-new premium sandwich and pizza outpost serving up deli classics like the Fiserv Reuben, a savory Chicken Caprese Sando, and a melted Cream City Cheesesteak.",,Local Partner,,2026
NBA,Milwaukee Bucks,Fiserv Forum,Milwaukee,WI,The Cluckery,,Sections 115 & 220,Cream City Taco,"A revitalized concept slinging vibrant street eats, including Chicken Al Pastor Tacos, street-style elote cups, and indulgent loaded corn dogs.",,Local Partner,,2026
NBA,Milwaukee Bucks,Fiserv Forum,Milwaukee,WI,Jameson Bar,,Section 104,Jameson Bar,"A heavily upgraded, full-service main concourse anchor specializing in signature Irish whiskey mixes and fast-access canned Jameson cocktails.",,Drinks/Social,,2026
NBA,Minnesota Timberwolves,Target Center,Minneapolis,MN,Mac Time,,Section 133,Mac Time,A brand-new destination dedicated entirely to custom carbohydrate indulgence. You can build your own bowl or go with pre-engineered hits like the BBQ Brisket Mac or the Heat Check Mac (topped with Buffalo chicken or…,,Headline Item,,2026
NBA,Minnesota Timberwolves,Target Center,Minneapolis,MN,Northwood Diner,,Sections 129 & 225,Northwood Diner,Retro Midwest comfort food with a spicy kick. The lines stay long for the Hot Honey Bacon Smashburger and their signature Dill Tater Tots tossed in a zesty pickle seasoning.,,Headline Item,,2026
NBA,Minnesota Timberwolves,Target Center,Minneapolis,MN,El Burrito Mercado,,Section 111,S'mores Nachos,"A campfire classic reimagined for game days. Graham cracker ""chips"" piled high with melted marshmallows, chocolate chunks, and dulce de leche.",,Headline Item,,2026
NBA,Minnesota Timberwolves,Target Center,Minneapolis,MN,El Burrito Mercado,,Section 111,"""Raining Buckets"" Popcorn","A fan-favorite 2026 souvenir staple featuring a literal half-basketball that functions as a massive, refillable popcorn bowl.",,Headline Item,,2026
NBA,Minnesota Timberwolves,Target Center,Minneapolis,MN,Parlour Burger,,Section 113,Parlour Burger,"Widely considered one of the absolute best burgers in Minneapolis. This North Loop institution serves up its legendary, minimalist double smash burger packed with melted Swiss and American cheese on a plush brioche bun.",,Local Partner,,2026
NBA,Minnesota Timberwolves,Target Center,Minneapolis,MN,Soul Bowl,,Section 114,Soul Bowl,"Reimagining traditional soul food with a modern, healthy twist. The go-to order is the Klassic Caribe Bowl (coconut rice and beans, sweet fried plantains, and fiery jerk chicken) alongside their newly introduced Rasta…",,Local Partner,,2026
NBA,Minnesota Timberwolves,Target Center,Minneapolis,MN,El Burrito Mercado,,Section 111,El Burrito Mercado,"The beloved St. Paul neighborhood mainstay pumps out authentic, scratch-made El Burrito Bowls loaded with sirloin steak, Tex-Mex mix, and creamy chipotle crema.",,Local Partner,,2026
NBA,Minnesota Timberwolves,Target Center,Minneapolis,MN,Bibigo & Ben's Pretzels,,Section 118,Bibigo & Ben's Pretzels,"A massive global flavor hub under one roof, slinging Crunchy Orange Chicken and Lemongrass Potstickers alongside fresh, ultra-buttery hand-rolled Amish pretzels.",,Local Partner,,2026
NBA,Minnesota Timberwolves,Target Center,Minneapolis,MN,Bibigo & Ben's Pretzels,,Section 118,"The ""Floater"" Souvenir Cups","Heavy-pouring, signature baseline cocktails mixed fresh and served in collectible, neon-lit souvenir cups.",,Local Partner,,2026
NBA,New Orleans Pelicans,Smoothie King Center,New Orleans,LA,Backcourt Burgers,,Section 116,The Game Changer Triple-Stack Bacon Burger,"A towering, intensely savory masterpiece featuring three smashed beef patties, layers of crispy bacon, and molten American cheese on a toasted bun.",,Headline Item,,2026
NBA,New Orleans Pelicans,Smoothie King Center,New Orleans,LA,Tip Off,,Sections 102 & 105,Alligator Sausage Dogs,"A true taste of Louisiana. A snappy, heavily seasoned alligator-and-pork sausage link served on a plush potato bun and traditionally loaded with Creole mustard.",,Headline Item,,2026
NBA,New Orleans Pelicans,Smoothie King Center,New Orleans,LA,NOLA Nacho,,Section 106,Seafood Nachos,"Forget basic cheese and jalapeños. This features a mountain of crispy tortilla chips drenched in a creamy, rich seafood queso and packed with local Gulf flavors.",,Headline Item,,2026
NBA,New Orleans Pelicans,Smoothie King Center,New Orleans,LA,Crescent City Cuisine,,Section 119,Roast Beef Debris Po-Boy,"A New Orleans classic executed perfectly for stadium seats. Slow-roasted beef ""debris"" swimming in rich gravy, served with horseradish mayo on freshly baked local pistolette rolls.",,Headline Item,,2026
NBA,New Orleans Pelicans,Smoothie King Center,New Orleans,LA,Fried Catfish Platter,,Pier 121,Fried Catfish Platter,"Cornmeal-crusted, golden-fried local catfish served piping hot with Cajun-spiced fries and a heavy side of tartar sauce.",,Headline Item,,2026
NBA,New Orleans Pelicans,Smoothie King Center,New Orleans,LA,Krispy Krunchy Chicken,,Section 109,Krispy Krunchy Chicken,"The beloved, Louisiana-born cult favorite has a massive footprint on the main concourse, pumping out their famously juicy, Cajun-marinated fried chicken tenders, bone-in wings, and heavily seasoned fries.",,Local Partner,,2026
NBA,New Orleans Pelicans,Smoothie King Center,New Orleans,LA,BBB's Cajun Corner,,"Sections 101, 112, 313",BBB's Cajun Corner,"The go-to spot for traditional comfort bowl items, most notably steaming bowls of authentic Zatarain’s Jambalaya and classic chicken-and-sausage gumbo over white rice.",,Local Partner,,2026
NBA,New Orleans Pelicans,Smoothie King Center,New Orleans,LA,Geaux Mac,,Section 325,Geaux Mac,"A dedicated haven for heavy carbohydrate indulgence on the upper concourse, specializing in gourmet, ultra-cheesy Specialty Mac & Cheese bowls.",,Local Partner,,2026
NBA,New Orleans Pelicans,Smoothie King Center,New Orleans,LA,Parish Pizza,,Section 110,Parish Pizza,"Serving up rapid-fire pizza by the slice, including Meat Lovers, Veggie, and a highly praised Vegan Cheese alternative.",,Local Partner,,2026
NBA,New Orleans Pelicans,Smoothie King Center,New Orleans,LA,Smoothie King Outposts,,Sections 101 & 301,Smoothie King Outposts,"Operating strictly during Pelicans home games, these bars blend made-to-order, health-focused smoothies.",,Local Partner,,2026
NBA,New Orleans Pelicans,Smoothie King Center,New Orleans,LA,Smoothie King Outposts,,Sections 101 & 301,"Ochsner ""Eat Fit"" Approved","Look for the Eat Fit seal on digital menus across the stadium for dietitian-approved items that are completely gluten-free, low-sodium, and plant-based (with zero added sugars).",,Local Partner,,2026
NBA,New Orleans Pelicans,Smoothie King Center,New Orleans,LA,Jameson Sports Bar,,Section 104,Jameson Sports Bar,"A massive, wide-open public lounge located right by the main lobby entrance, featuring over 20 craft beers on tap and top-shelf mixology.",,Drinks/Social,,2026
NBA,New York Knicks,Madison Square Garden,New York,NY,Pat LaFrieda’s Prime Rib,,Section 107 & 203,Pat LaFrieda’s Prime Rib,"Routinely ranked by stadium food critics as the single best bite in any sports venue. This features elite, tender shaved prime rib drenched in au jus and served on a locally baked baguette.",,Local Partner,,2026
NBA,New York Knicks,Madison Square Garden,New York,NY,Paulie Gee’s Pizza,,Section 117 & 224,Paulie Gee’s Pizza,"The legendary Greenpoint, Brooklyn institution slings their iconic wood-fired style slices. The move here is anything drizzled with Mike’s Hot Honey (which also has its own dedicated chicken stand at Section 115).",,Local Partner,,2026
NBA,New York Knicks,Madison Square Garden,New York,NY,Carnegie Deli,,Section 105 & 219,Carnegie Deli,"A massive dose of old-school Manhattan history, serving up towering, iconic hot pastrami and corned beef sandwiches on rye that require two hands to handle.",,Local Partner,,2026
NBA,New York Knicks,Madison Square Garden,New York,NY,Veselka,,Section 109 & 304,Veselka,"The beloved East Village Ukrainian diner serves as the ultimate comfort food destination, pumping out hot, scratch-made Traditional Pierogies tossed in melted butter and onions.",,Local Partner,,2026
NBA,New York Knicks,Madison Square Garden,New York,NY,Daily Burger,,"Sections 106, 116, 210, 305",Daily Burger,"A massive cult favorite among the Garden Faithful. These premium, juicy custom-blend burgers topped with sweet, deeply caramelized onion jam are widely considered the best standard burgers in the NBA.",,Local Partner,,2026
NBA,New York Knicks,Madison Square Garden,New York,NY,TAO Sushi,,Section 118,TAO Sushi,"Bringing upscale Midtown vibe to the 100-level with high-quality, pre-made rolls and custom-built sushi bowls.",,Local Partner,,2026
NBA,New York Knicks,Madison Square Garden,New York,NY,The Craft Beer Garden,,Section 102,The Craft Beer Garden,"The primary stop for local New York State craft culture, featuring rotating heavy pours of Brooklyn Brewery, Blue Point, and elite local IPAs.",,Drinks/Social,,2026
NBA,New York Knicks,Madison Square Garden,New York,NY,The Bridge Level,,300 Level,The Bridge Level,"Suspended directly over the court on the iconic Chase Bridges, this area offers unique overhead views alongside dedicated Daily Burger outposts and Veselka locations.",,Drinks/Social,,2026
NBA,Oklahoma City Thunder,Paycom Center,Oklahoma City,OK,"The ""Big Nasty"" Loaded Potato",,Big O’s BBQ,"The ""Big Nasty"" Loaded Potato","A monster of a dish. A giant, salt-crusted baked potato split open and stuffed to the brim with butter, sour cream, cheddar cheese, and a massive mountain of in-house pit-smoked brisket.",,Headline Item,,2026
NBA,Oklahoma City Thunder,Paycom Center,Oklahoma City,OK,Smoked Green Chile Pork Mac & Cheese,,Marquee Classics,Smoked Green Chile Pork Mac & Cheese,"Deeply comforting. Rich, velvety three-cheese macaroni tossed with 14-hour smoked pork belly and a fiery, tangy green chile relish.",,Headline Item,,2026
NBA,Oklahoma City Thunder,Paycom Center,Oklahoma City,OK,GastroPub,,Section 209,Philly Cheese Egg Rolls,"A stellar handheld hit for the 2026 season. Crispy, golden-fried wrappers packed tight with shaved ribeye, caramelized onions, and molten provolone cheese.",,Headline Item,,2026
NBA,Oklahoma City Thunder,Paycom Center,Oklahoma City,OK,The Mio Dog,,Made in Oklahoma,The Mio Dog,"A spectacular showcase of local agriculture. A snappy, premium hot dog loaded entirely with locally sourced Oklahoma condiments, sweet relishes, and specialty cheeses.",,Headline Item,,2026
NBA,Oklahoma City Thunder,Paycom Center,Oklahoma City,OK,Empire Slice House,,Section 115,Empire Slice House,"The undisputed heavyweight of the OKC pizza scene has a permanent home on the main concourse. This beloved Plaza District icon serves up its famous, massive New York-style slices (Cheese and Pepperoni) alongside…",,Headline Item,,2026
NBA,Oklahoma City Thunder,Paycom Center,Oklahoma City,OK,Cupbop,,Section 102,Cupbop,"The legendary Korean BBQ-in-a-cup concept. It is the premier destination for gluten-free fans, layering sweet potato glass noodles, fluffy rice, and intensely marinated beef or pork with customizable heat levels scaled…",,Headline Item,,2026
NBA,Oklahoma City Thunder,Paycom Center,Oklahoma City,OK,Freddy’s Frozen Custard & Steakburgers,,Section 107,Freddy’s Frozen Custard & Steakburgers,"The region's favorite fast-food titan delivers their signature paper-thin, ultra-crispy-edged steakburgers, salty shoestring fries, and thick, rich frozen custard concretes.",,Headline Item,,2026
NBA,Oklahoma City Thunder,Paycom Center,Oklahoma City,OK,HTeaO,,Section 102,HTeaO,"A literal oasis for parched fans. This specialized iced-tea outpost serves up premium, ultra-clean custom sweet and unsweet iced teas with an incredibly popular refillable tea program.",,Headline Item,,2026
NBA,Oklahoma City Thunder,Paycom Center,Oklahoma City,OK,Michelob ULTRA Club,,Southwest Entrance,Michelob ULTRA Club,"A trendy, sit-down urban hotspot open to all ticket holders until the end of the 3rd quarter. The 2026 menu features elite pub fare, including the Cheddar BBQ Smokehouse Burger(topped with burnt ends and maple bacon…",,Drinks/Social,,2026
NBA,Oklahoma City Thunder,Paycom Center,Oklahoma City,OK,FastBreak Markets,,Section 104,FastBreak Markets,"Geared for maximum speed to get fans back to the action, offering a frictionless grab-and-go layout packed with standard Schwab's Hot Dogs, giant pretzels, and self-checkout coolers for domestic tallboys.",,Dietary/Value,,2026
NBA,Philadelphia 76ers,Wells Fargo Center,Philadelphia,PA,The Coop,,Section 106,South Street Smoked Chicken Cheesesteak,"A spectacular, smoky twist on the city's signature dish. Features smoked and deep-fried chicken thighs smothered in a rich ""gouda wiz,"" sweet onion jam, and a heavy crunch of crispy chicken skin on a seeded roll.",,Headline Item,,2026
NBA,Philadelphia 76ers,Wells Fargo Center,Philadelphia,PA,Line Change,,Section 117,Port Richmond Style Pierogies,"A massive nod to Philly’s Polish heritage. Pillowy, scratch-made pierogies tossed in rich brown butter sour cream and deeply caramelized onions.",,Headline Item,,2026
NBA,Philadelphia 76ers,Wells Fargo Center,Philadelphia,PA,Pizzeria Salvy,,Section 114,Vetri Cheesesteak Calzone,"Crafted by legendary Philly Chef Marc Vetri. A golden, blistered pizza crust packed tight with premium chopped steak, onions, and molten cheeses.",,Headline Item,,2026
NBA,Philadelphia 76ers,Wells Fargo Center,Philadelphia,PA,Line Change,,Section 117,Truffled Short Rib Grilled Cheese,"The ultimate cold-weather comfort food for a winter hockey night. Tender, 14-hour braised short rib layered with aged cheddar and a luxurious truffle peel on buttery brioche.",,Headline Item,,2026
NBA,Philadelphia 76ers,Wells Fargo Center,Philadelphia,PA,The Bella Vista Italian Pork Sandwich,,Section 104,The Bella Vista Italian Pork Sandwich,"Authentically executed with shaved, slow-roasted pork, sharp provolone, spicy chili garlic rabe, and blistered long hots on a fresh local Formica roll.",,Headline Item,,2026
NBA,Philadelphia 76ers,Wells Fargo Center,Philadelphia,PA,Chickie’s & Pete’s,,Multiple Sections,Chickie’s & Pete’s,"The undisputed, time-honored staple of Philly sports. Lines stay long for their world-famous, crinkle-cut Crabfries, heavily dusted in secret crab seasoning and served with a side of warm white cheese sauce for dipping.",,Local Partner,,2026
NBA,Philadelphia 76ers,Wells Fargo Center,Philadelphia,PA,Federal Donuts,,Sections 102 & 207,Federal Donuts,"The beloved local cult favorite delivers a killer combination of hot, fresh-fried gourmet donuts and their signature, ultra-crispy Spicy Fried Chicken Sandwiches.",,Local Partner,,2026
NBA,Philadelphia 76ers,Wells Fargo Center,Philadelphia,PA,Buena Onda,,Section 112,Buena Onda,"Iron Chef Jose Garces brings a crisp, breezy Baja-California vibe to the concourse, pumping out elite fish tacos, fresh tortilla chips, and scratch-made margaritas.",,Local Partner,,2026
NBA,Philadelphia 76ers,Wells Fargo Center,Philadelphia,PA,Insomnia Cookies,,"Sections 118, 122, 207",Insomnia Cookies,"The late-night cookie empire that was famously founded in a UPenn dorm room keeps the arena fueled with warm, gooey chocolate chip cookie packs.",,Local Partner,,2026
NBA,Philadelphia 76ers,Wells Fargo Center,Philadelphia,PA,Rita's Water Ice & Shake Shack,,Sections 106 & 115,Rita's Water Ice & Shake Shack,Familiar local and global comfort institutions anchored seamlessly into the main 100-level baseline concourse.,,Local Partner,,2026
NBA,Philadelphia 76ers,Wells Fargo Center,Philadelphia,PA,Melissa’s Produce & Gluten-Free Hubs,,Sections 107 & 209,Melissa’s Produce & Gluten-Free Hubs,"The primary destination for clean eating, offering designated gluten-free rolls for cheesesteaks, fresh green goddess chicken wraps on croissants, and savory buffalo cauliflower bowls.",,Dietary/Value,,2026
NBA,Orlando Magic,Kia Center,Orlando,FL,The Boom Boom Spicy Chicken Sandwich,,Sections 108 & 112,The Boom Boom Spicy Chicken Sandwich,"Hand-breaded chicken breast tossed in a fiery house pepper-and-spice blend, then drenched in Kia Center's custom, creamy ""boom boom"" sauce on a brioche bun.",,Headline Item,,2026
NBA,Orlando Magic,Kia Center,Orlando,FL,Silver Spark,,Section 108 / Silver Spoon - Section 112,Carne Asada Waffle Fries,"Crispy waffle fries piled high with deeply marinated carne asada steak, warm queso blanco, fresh pico de gallo, and lime crema.",,Headline Item,,2026
NBA,Orlando Magic,Kia Center,Orlando,FL,Pinstripes,,Section 106 / Slam Dunk - Section 115,The Pork Chopp'd Sandwich,"A sweet-and-salty masterpiece featuring slow-smoked pork shoulder topped with a refreshing, crisp cucumber slaw on a buttered brioche bun.",,Headline Item,,2026
NBA,Orlando Magic,Kia Center,Orlando,FL,Twisted,,Section 113,Kingdom Pretzel,"A monster of a snack. A giant, hand-twisted Bavarian-style pretzel served warm with whole-grain mustard and a rich, hot beer cheese dipping sauce.",,Headline Item,,2026
NBA,Orlando Magic,Kia Center,Orlando,FL,Loaded Churro Bites,,Multiple Sections,Loaded Churro Bites,"Flaky, golden-fried churro bites tossed heavily in cinnamon sugar and drizzled with a decadent warm caramel or chocolate fudge sauce.",,Headline Item,,2026
NBA,Orlando Magic,Kia Center,Orlando,FL,Orlando Table,,Section 114,Black Rooster Taqueria,"A legendary Mills 50 neighborhood staple recognized by the Michelin Guide. Fans swarm this stand for their modern, authentic street tacos crafted with fresh, real ingredients and scratch-made salsas.",,Headline Item,,2026
NBA,Orlando Magic,Kia Center,Orlando,FL,Nauti Lobstah,,Section 104,Nauti Lobstah,"Bringing the flavor of New England down to the palm trees. This local favorite is famous for serving up the ""biggest lobster roll in Florida,"" overflowing with impeccably fresh, cold-water lobster meat on a buttery…",,Headline Item,,2026
NBA,Orlando Magic,Kia Center,Orlando,FL,Gringos Locos,,Section 102,Gringos Locos,"A legendary arena staple since 2009. Famous for their Double D Tacos and massive nachos smothered in freshly prepared sofritos, marinades, and signature queso.",,Headline Item,,2026
NBA,Orlando Magic,Kia Center,Orlando,FL,Checkers & Rally's,,Upper Concourse,Checkers & Rally's,"Making arena history as the brand's first-ever permanent outpost inside a major sporting venue. Grab their iconic seasoned fries, a Big Buford, or Classic Mother Cruncher chicken sandos without leaving the building.",,Headline Item,,2026
NBA,Orlando Magic,Kia Center,Orlando,FL,Kelly's Homemade Ice Cream,,Sweets - Section 231,Kelly's Homemade Ice Cream,Premium hand-scooped ice cream from a local Orlando favorite.,,Headline Item,,2026
NBA,Orlando Magic,Kia Center,Orlando,FL,Domi Italian Ice,,Sweets - Section 231,Domi Italian Ice,Refreshing fruity Italian ice. Pair with Kelly's Homemade Ice Cream at the same sweets stand.,,Headline Item,,2026
NBA,Orlando Magic,Kia Center,Orlando,FL,Tavern on Church,,Main Entrance Plaza,Tavern on Church,"A brand-new addition that blends upscale sports bar vibes with a bistro aesthetic. Located right on historic Church Street, it features signature smashburgers, brisket nachos, and fish tacos.Bonus: You can eat here on…",,Drinks/Social,,2026
NBA,Orlando Magic,Kia Center,Orlando,FL,Crooked Can Brewery Bar,,Threatlocker Club Level,Crooked Can Brewery Bar,"The Winter Garden craft favorite brings a dedicated taproom to the suite level, pouring fan-favorite local handles like High Stepper IPA and Florida Sunshine Mango Lager.",,Drinks/Social,,2026
NBA,Phoenix Suns,Footprint Center,Phoenix,AZ,Gorilla Grill,,Main Concourse,The Jumbo Glazed Donut Burger,"A wild sweet-and-savory heavy hitter featuring a thick, flame-grilled beef patty layered with melted American cheese and bacon, slapped inside a massive, house-glazed donut.",,Headline Item,,2026
NBA,Phoenix Suns,Footprint Center,Phoenix,AZ,Gorilla Grill,,Main Concourse,The Foot-Long Corndog,"A massive, carnival-style foot-long hot dog hand-dipped in sweet corn batter and fried to a perfect golden crisp right on the concourse.",,Headline Item,,2026
NBA,Phoenix Suns,Footprint Center,Phoenix,AZ,Cold Beers & Cheeseburgers,,Main Concourse,Cold Beers & Cheeseburgers,"A massive Arizona staple bringing its neighborhood pub energy to the arena, specializing in thick, juicy gourmet burgers and ice-cold drafts.",,Local Partner,,2026
NBA,Phoenix Suns,Footprint Center,Phoenix,AZ,Shaq's Big Chicken,,Main Concourse,Shaq's Big Chicken,"The NBA legend’s chicken empire handles the heavy crunch with giant, crispy chicken tenders and their signature Lucille spicy chicken sandwich.",,Local Partner,,2026
NBA,Phoenix Suns,Footprint Center,Phoenix,AZ,Benihana,,Benthana Sushi,Benihana,"Offering a lighter, high-quality alternative on the go with freshly rolled sushi and steaming hot chicken teriyaki bowls.",,Local Partner,,2026
NBA,Portland Trail Blazers,Moda Center,Portland,OR,Wonton Avocado Crab Nachos,,Baseline Stand - Event Level,Wonton Avocado Crab Nachos,"The undisputed breakout hit of the season. Crispy fried wonton chips piled high with fresh lump crab meat, rich avocado crema, diced mango, and jalapeños.",,Headline Item,,2026
NBA,Portland Trail Blazers,Moda Center,Portland,OR,Blaze's Bistro,,Section 312,The Deep-Fried PB&J,"A chaotic, carnival-inspired masterpiece for the kid in everyone. A classic Uncrustable sandwich, deep-fried to a golden crisp, blanketed in a rich house-made hot fudge syrup, and finished with a mountain of whipped…",,Headline Item,,2026
NBA,Portland Trail Blazers,Moda Center,Portland,OR,Plum Tasty,,Section 100,The Mezze Tray,"Portland's clean-eating counter-programming. A vibrant spread of scratch-made hummus, tzatziki, fresh cucumbers, kalamata olives, and warm pita points.",,Headline Item,,2026
NBA,Portland Trail Blazers,Moda Center,Portland,OR,Rotating Burger of the Month,,Crafters Stands - Multiple Sections,Rotating Burger of the Month,"A brilliant concept bringing gourmet, chef-designed custom burgers that change every single month to match the matchup energy.",,Headline Item,,2026
NBA,Portland Trail Blazers,Moda Center,Portland,OR,Killer Burger,,Section 116,Killer Burger,The cult-favorite Portland chain is an absolute mandatory stop. The line stays packed for their signature Peanut Butter Bacon Burger—a wild but flawless sweet-and-savory combination.,,Headline Item,,2026
NBA,Portland Trail Blazers,Moda Center,Portland,OR,100,,Level Concourse,Ranch Pizza,"Expanded to the main concourse, slinging their iconic, thick square-cut Detroit-style slices with a heavy side of house-made ranch for dipping.",,Headline Item,,2026
NBA,Portland Trail Blazers,Moda Center,Portland,OR,Cha Cha Cha,,"Sections 119, 214, 332",Cha Cha Cha,"The legendary local Mexican favorite serves up the Blazer Nachos—a dish famous for being so heavily loaded with meat, beans, queso, and fresh guac that it physically threatens to break its container.",,Headline Item,,2026
NBA,Portland Trail Blazers,Moda Center,Portland,OR,Kama'aina,,Sections 108 & 332,Kama'aina,"Delivering pure Hawaiian comfort food to the PNW. Highlights include pristine Poke Bowls, tender Kalua Pork, and local-style fish and chips.",,Headline Item,,2026
NBA,Portland Trail Blazers,Moda Center,Portland,OR,Baes Fried Chicken,,Section 119,Baes Fried Chicken,"Handling the heavy crunch with locally famous spicy fried chicken sandwiches, tenders, and seasoned fries.",,Headline Item,,2026
NBA,Portland Trail Blazers,Moda Center,Portland,OR,Kinnamon's,,Section 104,Kinnamon's,"A sweet tooth's dream, serving up piping hot, giant gourmet cinnamon rolls baked fresh on-site.",,Headline Item,,2026
NBA,Portland Trail Blazers,Moda Center,Portland,OR,Tipsy Scoop & Fifty Licks,,Section 202,Tipsy Scoop & Fifty Licks,"A brilliant double-header for dessert. Fifty Licks handles traditional and dairy-free vegan scoops, while Tipsy Scoop serves up artisanal, liquor-infused ice cream.",,Headline Item,,2026
NBA,Portland Trail Blazers,Moda Center,Portland,OR,Fusion Shave Ice,,Section 332,Fusion Shave Ice,"A phenomenal, women-owned addition serving authentic Hawaiian-Korean shave ice made with organic fruit purees. Adults can choose to get their shave ice ""boozy"" with customized spirit floaters.",,Headline Item,,2026
NBA,Portland Trail Blazers,Moda Center,Portland,OR,Schonely’s Place & Schonely's Taproom,,Section 101,Schonely’s Place & Schonely's Taproom,"A sprawling, 240-seat brewpub honoring the legendary ""Voice of the Trail Blazers,"" Bill Schonely. It opens right at doors, featuring two massive circular bars pouring local Elysian and Hop Valley craft favorites.",,Headline Item,,2026
NBA,Sacramento Kings,Golden 1 Center,Sacramento,CA,Porchetta House,,Section 121,Porchetta Fries,"Golden, crinkle-cut fries smothered in freshly carved rotisserie porchetta, rich cheese sauce, pickled red onions, and a vibrant, zesty house salsa verde.",,Headline Item,,2026
NBA,Sacramento Kings,Golden 1 Center,Sacramento,CA,Porchetta House,,Section 121,The California Burrito,"A heavy-hitting addition packed flat with seasoned chicken tinga, crispy crinkle-cut fries, guacamole, sour cream, and fresh pico de gallo.",,Headline Item,,2026
NBA,Sacramento Kings,Golden 1 Center,Sacramento,CA,Porchetta House,,Section 121,The Sactown Dip,"A beautiful, updated nod to the old Arco Arena days. Towering layers of shaved local tri-tip on a premium steak roll, slathered in a creamy horseradish sauce and served with a deeply savory side of au jus.",,Headline Item,,2026
NBA,Sacramento Kings,Golden 1 Center,Sacramento,CA,Porchetta House,,Section 121,The L Street Dog,"A smoky, snappy, all-beef Schwarz hot dog wrapped completely in bacon and loaded with fiery pickled jalapeños.",,Headline Item,,2026
NBA,Sacramento Kings,Golden 1 Center,Sacramento,CA,Paragary’s Elevated Smashburger,,Section 118 & 203,Paragary’s Elevated Smashburger,"The arena’s most popular item received an upgrade for 2026, adding a rich, house-made BBQ sauce downstairs, crispy bacon, and sweet caramelized onions to their signature double-patty smash.",,Headline Item,,2026
NBA,Sacramento Kings,Golden 1 Center,Sacramento,CA,LowBrau,,Section 101,LowBrau,The beloved Midtown German bierhalle concept fuels the crowd with Brat Mac & Bier Cheese (rotini noodles smothered in local bier cheese and sliced bratwurst) and craft andouille sausages on plush pretzel buns.,,Headline Item,,2026
NBA,Sacramento Kings,Golden 1 Center,Sacramento,CA,Star Ginger,,Section 112,Star Ginger,"Chef Mai Pham’s Southeast Asian street food hub is the premier stop for clean eating and dietary diversity, slinging highly rated Banh Mi Chicken Sandwiches and Plant-Based Bulgogi Bowls.",,Headline Item,,2026
NBA,Sacramento Kings,Golden 1 Center,Sacramento,CA,Petra Greek,,Section 210,Petra Greek,"The destination for Mediterranean comfort, pumping out hot lamb, beef, and chickpea gyros wrapped in warm pita and paired with feta-dusted Greek fries.",,Headline Item,,2026
NBA,Sacramento Kings,Golden 1 Center,Sacramento,CA,Centro,,Section 101,"The ""Light the Beam"" Churro","The absolute mandatory post-game treat. Golden, crispy churros heavily dusted in a vibrant, neon-purple sugar celebrating the iconic Kings victory ritual.",,Headline Item,,2026
NBA,Sacramento Kings,Golden 1 Center,Sacramento,CA,Sweet Bird Donuts,,Section 219,Sweet Bird Donuts,"Warm, house-made brioche donuts spun fresh on-site and glazed with rotating seasonal local fruit compotes.",,Headline Item,,2026
NBA,Sacramento Kings,Golden 1 Center,Sacramento,CA,Café Bernardo Milkshakes,,Section 108 & 216,Café Bernardo Milkshakes,"Premium, thick soft-serve milkshakes spun to order—the salted caramel option has a massive cult following during half-time.",,Headline Item,,2026
NBA,San Antonio Spurs,Frost Bank Center,San Antonio,TX,Taco Palenque,,Section 124 - Plaza Level,Taco Palenque,"Officially launched in January 2026 as the Spurs’ official fresh Mexican partner. This South Texas institution brings its legendary fast-casual staples directly to the arena, pumping out pristine Pirata Tacos, loaded…",,Local Partner,,2026
NBA,San Antonio Spurs,Frost Bank Center,San Antonio,TX,Section 222,,Balcony Level,Pluckers Wing Bar,"The beloved Texas wing institution has a massive upper-deck presence, tossing freshly fried, jumbo bone-in and boneless wings in cult-favorite sauces like Baker's Gold and Spicy BBQ.",,Local Partner,,2026
NBA,San Antonio Spurs,Frost Bank Center,San Antonio,TX,Greek Spot,,Section 121,Greek Spot,"A fresh Mediterranean pivot on the Plaza Level, serving beautifully charred, well-seasoned Pork and Chicken Souvlaki Plates topped with fresh tzatziki and red onion.",,Local Partner,,2026
NBA,San Antonio Spurs,Frost Bank Center,San Antonio,TX,Burgerteca & La Gloria,,Sections 201A & 231,Burgerteca & La Gloria,"Curated by legendary San Antonio Chef Johnny Hernandez. Highlights include Mexican Street Dogs, Carne Asada Fries, and the incredibly popular Mangonada Soft-Serve Margaritas.",,Local Partner,,2026
NBA,San Antonio Spurs,Frost Bank Center,San Antonio,TX,Jack Daniel’s Bar,,Section 122,Jack Daniel’s Bar,"The undisputed home of frozen mixology at the arena, debuting the viral Blackberry Baller Frozen Lemonade and the fiery Spurs Ball O’Fire cocktail.",,Drinks/Social,,2026
NBA,San Antonio Spurs,Frost Bank Center,San Antonio,TX,ProBaller Drink Market,,Section 122,ProBaller Drink Market,"Fans simply tap a credit card or mobile wallet at the turnstile, walk in, grab a local craft can or a ProBaller Energy Drink, pick up a bag of local Ricos peanuts, and walk straight back to their seats. Cameras handle…",,Drinks/Social,,2026
NBA,San Antonio Spurs,Frost Bank Center,San Antonio,TX,Fan Favs Express,,Section 226,Fan Favs Express,"Brings the exact same frictionless grab-and-go tech to the Balcony level, stocked with standard hot dogs, soft pretzels, and warm Ricos nachos.",,Drinks/Social,,2026
NBA,Toronto Raptors,Scotiabank Arena,Toronto,ON,Hot Stove Carve,,"Sections 104, 110, 117, 314, 318",The Prime Rib Sandwich,"The undisputed king of the arena concourse. Thick, melt-in-your-mouth prime rib is carved right in front of you, stacked on a fresh roll, and served with a side of house kettle chips. You can even order it directly to…",,Headline Item,,2026
NBA,Toronto Raptors,Scotiabank Arena,Toronto,ON,Aloette Go,,Event Level & Section 106,Aloette Go,"A spectacular, fast-casual spin-off of Toronto's highly acclaimed, Michelin-recognized Aloette restaurant, serving up elite, elevated diner comfort food on the go.",,Headline Item,,2026
NBA,Toronto Raptors,Scotiabank Arena,Toronto,ON,Wicked Carib,,Section 104,Wicked Jerk Chicken Sandwich & Roti,"A gorgeous nod to Toronto’s deep Caribbean roots. This stand pumps out immensely flavorful jerk chicken sandwiches, doubles, and packed beef or vegan rotis.",,Headline Item,,2026
NBA,Toronto Raptors,Scotiabank Arena,Toronto,ON,ChungChun Rice Dog,,Section 308,ChungChun Rice Dog,"The wild, incredibly popular Korean street food chain brings its ultra-crunchy, customizable sticky rice corndogs to the upper concourse.",,Headline Item,,2026
NBA,Toronto Raptors,Scotiabank Arena,Toronto,ON,The Poutinerie,,Section 322,Loaded Rotisserie Chicken Poutine,"It wouldn't be Canada without proper poutine. This features fresh, crispy fries blanketed in squeaky premium cheese curds, rich house-made gravy, and pulled rotisserie chicken.",,Headline Item,,2026
NBA,Toronto Raptors,Scotiabank Arena,Toronto,ON,Cherry St. BBQ,,Section 313,Cherry St. BBQ,True low-and-slow pit smoking imported straight from Toronto’s Port Lands neighborhood directly to the 300 level.,,Headline Item,,2026
NBA,Toronto Raptors,Scotiabank Arena,Toronto,ON,Molson Brewhouse,,100 Level Concourse,Molson Brewhouse,"A beautifully upgraded, high-energy concourse bar that functions as the primary pre- and post-game landing pad for local craft and classic domestic pints.",,Drinks/Social,,2026
NBA,Toronto Raptors,Scotiabank Arena,Toronto,ON,Mastercard Lounge,,200 Level Corner,Mastercard Lounge,"An ultra-luxurious, shared premium viewing environment boasting an interactive Chef's Table with a daily rotating menu curated by Michelin-star trained chefs using elite Canadian ingredients.",,Drinks/Social,,2026
NBA,Utah Jazz,Delta Center,Salt Lake City,UT,The Slapshot / Hat Trick Burger,,Proper Burger,The Slapshot / Hat Trick Burger,"A heavy-hitting local favorite loaded with a flame-grilled beef patty, American cheese, sweet BBQ sauce, candied bacon, pickled jalapeños, and a massive crunch of fried onion straws. (They also sling the Jazz Jam…",,Headline Item,,2026
NBA,Utah Jazz,Delta Center,Salt Lake City,UT,Salt City Smokehouse,,Portal H,Smoked Pork Nachos in a Helmet,"Slow-smoked pulled pork, cool sour cream, fresh pico de gallo, and warm liquid queso served entirely out of a novelty souvenir Utah Hockey Club mini-helmet.",,Headline Item,,2026
NBA,Utah Jazz,Delta Center,Salt Lake City,UT,Mammoth Pretzels,,Dangerous Pretzels,Mammoth Pretzels,"A brand-new local addition to the concourse, serving up giant, pillowy, heavily salted artisan pretzels engineered to feed two or three fans.",,Headline Item,,2026
NBA,Utah Jazz,Delta Center,Salt Lake City,UT,Thick Shakes & Fries,,Iceberg Drive Inn,Thick Shakes & Fries,"A legendary Utah institution. They pump out ultra-thick, over-the-top milkshakes that are structurally solid enough that you are expected to use your freshly fried crinkle-cut fries to scoop out the ice cream.",,Headline Item,,2026
NBA,Utah Jazz,Delta Center,Salt Lake City,UT,Tusks Up Churros,,San Diablo Churros,Tusks Up Churros,"A highly popular gourmet dessert cart frying up fresh, hollow street-style churros filled to order with decadent local sweet creams and dulces.",,Headline Item,,2026
NBA,Utah Jazz,Delta Center,Salt Lake City,UT,The Hop Shop & Craft Shop,,San Diablo Churros,Local Premium Spirits,"The high-end club bars feature heavy curation of native Utah distilleries, showcasing Five Wives Vodka, High West Whiskey, and Old Town Cellars regional wines.",,Headline Item,,2026
NBA,Washington Wizards,Capital One Arena,Washington,DC,Soko Cheesesteaks,,Section 105,Soko Cheesesteaks,"The famous Takoma Park butchery and café brings authentic, beautifully shaved ribeye cheesesteaks and heavy baskets of loaded cheese fries to the main concourse.",,Local Partner,,
NBA,Washington Wizards,Capital One Arena,Washington,DC,Federalist Pig,,Sections 107 & 402,Federalist Pig,"One of D.C.’s premier low-and-slow BBQ institutions makes its arena debut, pumping out tender pit-smoked brisket sandwiches, sticky BBQ ribs, and ultra-creamy mac & cheese.",,Local Partner,,
NBA,Washington Wizards,Capital One Arena,Washington,DC,Balos,,Section 120,Balos,"Bringing the upscale Dupont Circle Mediterranean vibe to the seats. Fans line up for beautifully seasoned street gyros, chicken skewers, and signature oregano fries.",,Local Partner,,
NBA,Washington Wizards,Capital One Arena,Washington,DC,Balos,,Section 120,fuku® by Chef David Chang,"The spicy fried chicken favorite commands lines at Sections 117 and 413, while Insomnia Cookies anchors the late-night sweet tooth fix at multiple sections.",,Local Partner,,
NBA,Washington Wizards,Capital One Arena,Washington,DC,Balos,,Section 120,The Unlimited Soda Program,"Fans can buy a premium souvenir cup that unlocks 100% unlimited free refills at high-speed self-serve soda machines stationed across the 1st, 2nd, and 4th floors.",,Local Partner,,
NBA,Washington Wizards,Capital One Arena,Washington,DC,The Capital One Perk,,Section 120,The Vaults,"The absolute pinnacle of hospitality in the DMV. These bunker suites feature lounge seating, private restrooms, and an all-inclusive multi-course tasting room offering local-inspired bites and specialty pastries by…",,Local Partner,,
